Predicted_Labels,ID
3.0,1
0.0,2
2.0,3
0.0,4
2.0,5
0.0,6
3.0,7
1.0,8
4.0,9
4.0,10
0.0,11
4.0,12
2.0,13
1.0,14
1.0,15
1.0,16
1.0,17
0.0,18
3.0,19
1.0,20
3.0,21
4.0,22
0.0,23
2.0,24
3.0,25
1.0,26
0.0,27
2.0,28
0.0,29
3.0,30
2.0,31
1.0,32
1.0,33
2.0,34
0.0,35
2.0,36
0.0,37
2.0,38
3.0,39
1.0,40
2.0,41
4.0,42
0.0,43
4.0,44
0.0,45
4.0,46
2.0,47
0.0,48
2.0,49
4.0,50
2.0,51
4.0,52
3.0,53
4.0,54
2.0,55
0.0,56
2.0,57
4.0,58
0.0,59
1.0,60
4.0,61
3.0,62
0.0,63
4.0,64
0.0,65
2.0,66
4.0,67
4.0,68
0.0,69
2.0,70
2.0,71
1.0,72
2.0,73
0.0,74
1.0,75
2.0,76
0.0,77
3.0,78
3.0,79
0.0,80
3.0,81
0.0,82
4.0,83
0.0,84
3.0,85
3.0,86
0.0,87
3.0,88
1.0,89
0.0,90
4.0,91
4.0,92
2.0,93
3.0,94
0.0,95
3.0,96
4.0,97
2.0,98
2.0,99
2.0,100
3.0,101
2.0,102
2.0,103
3.0,104
3.0,105
0.0,106
1.0,107
0.0,108
3.0,109
4.0,110
3.0,111
4.0,112
4.0,113
2.0,114
0.0,115
4.0,116
1.0,117
0.0,118
1.0,119
1.0,120
2.0,121
3.0,122
1.0,123
1.0,124
4.0,125
3.0,126
2.0,127
0.0,128
0.0,129
0.0,130
2.0,131
2.0,132
3.0,133
4.0,134
1.0,135
3.0,136
3.0,137
1.0,138
4.0,139
3.0,140
4.0,141
2.0,142
1.0,143
3.0,144
4.0,145
2.0,146
4.0,147
3.0,148
1.0,149
0.0,150
4.0,151
0.0,152
0.0,153
4.0,154
1.0,155
3.0,156
1.0,157
3.0,158
2.0,159
3.0,160
3.0,161
4.0,162
4.0,163
1.0,164
2.0,165
1.0,166
1.0,167
3.0,168
1.0,169
3.0,170
4.0,171
0.0,172
4.0,173
0.0,174
0.0,175
2.0,176
3.0,177
0.0,178
2.0,179
4.0,180
3.0,181
3.0,182
4.0,183
3.0,184
4.0,185
1.0,186
3.0,187
1.0,188
0.0,189
0.0,190
2.0,191
2.0,192
3.0,193
4.0,194
0.0,195
3.0,196
0.0,197
0.0,198
3.0,199
4.0,200
4.0,201
3.0,202
4.0,203
0.0,204
4.0,205
3.0,206
2.0,207
1.0,208
4.0,209
2.0,210
1.0,211
3.0,212
0.0,213
1.0,214
1.0,215
1.0,216
3.0,217
3.0,218
1.0,219
1.0,220
0.0,221
2.0,222
3.0,223
4.0,224
2.0,225
3.0,226
4.0,227
1.0,228
4.0,229
2.0,230
0.0,231
1.0,232
3.0,233
4.0,234
1.0,235
0.0,236
3.0,237
0.0,238
1.0,239
2.0,240
4.0,241
1.0,242
3.0,243
2.0,244
2.0,245
1.0,246
3.0,247
2.0,248
3.0,249
3.0,250
3.0,251
3.0,252
1.0,253
1.0,254
2.0,255
3.0,256
4.0,257
3.0,258
3.0,259
2.0,260
1.0,261
4.0,262
2.0,263
3.0,264
2.0,265
3.0,266
1.0,267
3.0,268
1.0,269
2.0,270
2.0,271
3.0,272
3.0,273
0.0,274
2.0,275
2.0,276
2.0,277
4.0,278
4.0,279
2.0,280
4.0,281
1.0,282
2.0,283
0.0,284
0.0,285
2.0,286
1.0,287
2.0,288
0.0,289
4.0,290
3.0,291
4.0,292
2.0,293
2.0,294
1.0,295
0.0,296
2.0,297
1.0,298
3.0,299
1.0,300
4.0,301
1.0,302
0.0,303
1.0,304
0.0,305
3.0,306
1.0,307
4.0,308
2.0,309
1.0,310
4.0,311
2.0,312
2.0,313
2.0,314
2.0,315
2.0,316
1.0,317
4.0,318
0.0,319
3.0,320
4.0,321
3.0,322
2.0,323
2.0,324
4.0,325
0.0,326
0.0,327
4.0,328
0.0,329
4.0,330
1.0,331
3.0,332
2.0,333
3.0,334
2.0,335
3.0,336
3.0,337
0.0,338
0.0,339
0.0,340
1.0,341
3.0,342
0.0,343
4.0,344
4.0,345
1.0,346
0.0,347
0.0,348
1.0,349
1.0,350
0.0,351
2.0,352
4.0,353
2.0,354
3.0,355
3.0,356
3.0,357
2.0,358
0.0,359
3.0,360
2.0,361
4.0,362
2.0,363
3.0,364
0.0,365
1.0,366
4.0,367
2.0,368
4.0,369
1.0,370
4.0,371
1.0,372
2.0,373
3.0,374
0.0,375
0.0,376
0.0,377
1.0,378
1.0,379
2.0,380
2.0,381
1.0,382
1.0,383
2.0,384
3.0,385
3.0,386
1.0,387
2.0,388
3.0,389
4.0,390
2.0,391
1.0,392
2.0,393
2.0,394
2.0,395
2.0,396
1.0,397
0.0,398
0.0,399
3.0,400
2.0,401
3.0,402
3.0,403
0.0,404
2.0,405
2.0,406
4.0,407
2.0,408
4.0,409
2.0,410
0.0,411
4.0,412
3.0,413
2.0,414
0.0,415
4.0,416
0.0,417
1.0,418
4.0,419
4.0,420
1.0,421
1.0,422
4.0,423
1.0,424
0.0,425
0.0,426
4.0,427
2.0,428
0.0,429
4.0,430
0.0,431
2.0,432
0.0,433
2.0,434
2.0,435
2.0,436
1.0,437
3.0,438
3.0,439
0.0,440
3.0,441
1.0,442
1.0,443
4.0,444
2.0,445
0.0,446
1.0,447
1.0,448
2.0,449
2.0,450
4.0,451
3.0,452
4.0,453
1.0,454
3.0,455
0.0,456
3.0,457
4.0,458
4.0,459
4.0,460
4.0,461
2.0,462
1.0,463
2.0,464
4.0,465
4.0,466
0.0,467
0.0,468
3.0,469
3.0,470
1.0,471
1.0,472
1.0,473
1.0,474
2.0,475
4.0,476
0.0,477
4.0,478
4.0,479
2.0,480
3.0,481
4.0,482
1.0,483
2.0,484
1.0,485
4.0,486
3.0,487
3.0,488
1.0,489
3.0,490
4.0,491
4.0,492
0.0,493
0.0,494
4.0,495
4.0,496
3.0,497
1.0,498
2.0,499
1.0,500
0.0,501
3.0,502
0.0,503
2.0,504
2.0,505
3.0,506
2.0,507
3.0,508
0.0,509
2.0,510
0.0,511
2.0,512
0.0,513
1.0,514
3.0,515
4.0,516
4.0,517
0.0,518
1.0,519
2.0,520
0.0,521
4.0,522
3.0,523
1.0,524
1.0,525
2.0,526
2.0,527
1.0,528
1.0,529
3.0,530
4.0,531
4.0,532
4.0,533
4.0,534
1.0,535
4.0,536
3.0,537
2.0,538
0.0,539
4.0,540
4.0,541
1.0,542
4.0,543
2.0,544
0.0,545
2.0,546
0.0,547
4.0,548
0.0,549
3.0,550
4.0,551
3.0,552
3.0,553
4.0,554
3.0,555
2.0,556
4.0,557
4.0,558
4.0,559
4.0,560
4.0,561
2.0,562
3.0,563
3.0,564
1.0,565
3.0,566
4.0,567
0.0,568
0.0,569
4.0,570
4.0,571
2.0,572
4.0,573
2.0,574
0.0,575
2.0,576
2.0,577
2.0,578
3.0,579
4.0,580
2.0,581
4.0,582
1.0,583
3.0,584
1.0,585
1.0,586
4.0,587
4.0,588
4.0,589
4.0,590
2.0,591
3.0,592
0.0,593
3.0,594
2.0,595
3.0,596
0.0,597
3.0,598
2.0,599
4.0,600
3.0,601
2.0,602
3.0,603
2.0,604
2.0,605
2.0,606
4.0,607
3.0,608
0.0,609
4.0,610
3.0,611
0.0,612
3.0,613
2.0,614
1.0,615
1.0,616
4.0,617
2.0,618
0.0,619
4.0,620
0.0,621
3.0,622
1.0,623
3.0,624
1.0,625
3.0,626
1.0,627
1.0,628
0.0,629
1.0,630
0.0,631
2.0,632
4.0,633
3.0,634
2.0,635
2.0,636
1.0,637
1.0,638
4.0,639
0.0,640
1.0,641
2.0,642
1.0,643
2.0,644
2.0,645
1.0,646
1.0,647
3.0,648
0.0,649
2.0,650
2.0,651
3.0,652
1.0,653
2.0,654
1.0,655
0.0,656
1.0,657
1.0,658
4.0,659
3.0,660
0.0,661
2.0,662
3.0,663
2.0,664
4.0,665
3.0,666
1.0,667
3.0,668
0.0,669
4.0,670
1.0,671
4.0,672
1.0,673
2.0,674
3.0,675
4.0,676
0.0,677
3.0,678
4.0,679
3.0,680
0.0,681
1.0,682
1.0,683
3.0,684
2.0,685
2.0,686
1.0,687
4.0,688
0.0,689
2.0,690
3.0,691
4.0,692
1.0,693
4.0,694
2.0,695
2.0,696
4.0,697
4.0,698
4.0,699
0.0,700
1.0,701
2.0,702
3.0,703
0.0,704
2.0,705
3.0,706
3.0,707
1.0,708
3.0,709
1.0,710
4.0,711
4.0,712
2.0,713
1.0,714
4.0,715
0.0,716
4.0,717
3.0,718
0.0,719
2.0,720
0.0,721
3.0,722
3.0,723
4.0,724
0.0,725
0.0,726
4.0,727
4.0,728
4.0,729
4.0,730
4.0,731
2.0,732
2.0,733
4.0,734
3.0,735
4.0,736
4.0,737
2.0,738
3.0,739
2.0,740
4.0,741
0.0,742
3.0,743
2.0,744
3.0,745
3.0,746
4.0,747
2.0,748
4.0,749
4.0,750
4.0,751
2.0,752
1.0,753
4.0,754
4.0,755
2.0,756
2.0,757
2.0,758
3.0,759
3.0,760
1.0,761
3.0,762
1.0,763
3.0,764
4.0,765
0.0,766
3.0,767
4.0,768
1.0,769
4.0,770
3.0,771
2.0,772
0.0,773
0.0,774
3.0,775
2.0,776
3.0,777
1.0,778
0.0,779
1.0,780
2.0,781
2.0,782
3.0,783
4.0,784
2.0,785
2.0,786
0.0,787
3.0,788
4.0,789
2.0,790
4.0,791
4.0,792
1.0,793
4.0,794
1.0,795
1.0,796
1.0,797
0.0,798
2.0,799
2.0,800
3.0,801
3.0,802
1.0,803
3.0,804
2.0,805
3.0,806
4.0,807
3.0,808
3.0,809
1.0,810
0.0,811
1.0,812
2.0,813
4.0,814
1.0,815
4.0,816
4.0,817
0.0,818
4.0,819
3.0,820
3.0,821
0.0,822
1.0,823
2.0,824
1.0,825
1.0,826
2.0,827
4.0,828
2.0,829
3.0,830
2.0,831
0.0,832
2.0,833
1.0,834
0.0,835
0.0,836
4.0,837
1.0,838
4.0,839
4.0,840
4.0,841
0.0,842
1.0,843
4.0,844
2.0,845
0.0,846
4.0,847
1.0,848
0.0,849
1.0,850
4.0,851
2.0,852
0.0,853
3.0,854
4.0,855
3.0,856
2.0,857
0.0,858
3.0,859
0.0,860
3.0,861
3.0,862
0.0,863
0.0,864
4.0,865
0.0,866
4.0,867
0.0,868
1.0,869
2.0,870
2.0,871
1.0,872
1.0,873
4.0,874
2.0,875
0.0,876
4.0,877
1.0,878
1.0,879
4.0,880
4.0,881
1.0,882
2.0,883
1.0,884
0.0,885
3.0,886
3.0,887
4.0,888
3.0,889
2.0,890
4.0,891
0.0,892
4.0,893
0.0,894
4.0,895
0.0,896
1.0,897
4.0,898
0.0,899
0.0,900
1.0,901
3.0,902
3.0,903
2.0,904
2.0,905
3.0,906
2.0,907
3.0,908
1.0,909
4.0,910
3.0,911
1.0,912
1.0,913
1.0,914
2.0,915
1.0,916
0.0,917
3.0,918
3.0,919
2.0,920
1.0,921
0.0,922
2.0,923
2.0,924
4.0,925
3.0,926
3.0,927
2.0,928
1.0,929
1.0,930
0.0,931
3.0,932
3.0,933
2.0,934
0.0,935
2.0,936
3.0,937
3.0,938
1.0,939
1.0,940
2.0,941
0.0,942
2.0,943
4.0,944
4.0,945
1.0,946
4.0,947
4.0,948
1.0,949
0.0,950
2.0,951
3.0,952
3.0,953
3.0,954
2.0,955
4.0,956
1.0,957
3.0,958
2.0,959
4.0,960
0.0,961
0.0,962
1.0,963
3.0,964
3.0,965
2.0,966
3.0,967
1.0,968
3.0,969
2.0,970
3.0,971
2.0,972
0.0,973
4.0,974
2.0,975
3.0,976
1.0,977
3.0,978
3.0,979
4.0,980
2.0,981
3.0,982
4.0,983
2.0,984
3.0,985
0.0,986
3.0,987
0.0,988
0.0,989
0.0,990
2.0,991
2.0,992
0.0,993
2.0,994
1.0,995
1.0,996
0.0,997
1.0,998
3.0,999
3.0,1000
2.0,1001
2.0,1002
2.0,1003
4.0,1004
0.0,1005
4.0,1006
2.0,1007
3.0,1008
1.0,1009
2.0,1010
2.0,1011
2.0,1012
4.0,1013
0.0,1014
0.0,1015
4.0,1016
1.0,1017
4.0,1018
4.0,1019
0.0,1020
1.0,1021
2.0,1022
1.0,1023
4.0,1024
2.0,1025
0.0,1026
4.0,1027
3.0,1028
2.0,1029
0.0,1030
3.0,1031
4.0,1032
0.0,1033
4.0,1034
1.0,1035
2.0,1036
4.0,1037
2.0,1038
1.0,1039
1.0,1040
4.0,1041
0.0,1042
1.0,1043
0.0,1044
3.0,1045
4.0,1046
1.0,1047
4.0,1048
1.0,1049
1.0,1050
2.0,1051
4.0,1052
2.0,1053
4.0,1054
4.0,1055
1.0,1056
2.0,1057
2.0,1058
3.0,1059
4.0,1060
1.0,1061
2.0,1062
3.0,1063
1.0,1064
1.0,1065
3.0,1066
2.0,1067
4.0,1068
0.0,1069
2.0,1070
1.0,1071
0.0,1072
2.0,1073
1.0,1074
3.0,1075
3.0,1076
1.0,1077
1.0,1078
0.0,1079
4.0,1080
1.0,1081
1.0,1082
4.0,1083
0.0,1084
3.0,1085
1.0,1086
4.0,1087
3.0,1088
4.0,1089
1.0,1090
0.0,1091
0.0,1092
4.0,1093
0.0,1094
4.0,1095
0.0,1096
4.0,1097
3.0,1098
2.0,1099
1.0,1100
0.0,1101
2.0,1102
3.0,1103
2.0,1104
1.0,1105
3.0,1106
3.0,1107
3.0,1108
3.0,1109
0.0,1110
4.0,1111
2.0,1112
4.0,1113
2.0,1114
0.0,1115
1.0,1116
1.0,1117
1.0,1118
2.0,1119
4.0,1120
0.0,1121
1.0,1122
4.0,1123
0.0,1124
2.0,1125
3.0,1126
1.0,1127
4.0,1128
0.0,1129
4.0,1130
1.0,1131
1.0,1132
2.0,1133
4.0,1134
3.0,1135
1.0,1136
3.0,1137
3.0,1138
3.0,1139
3.0,1140
0.0,1141
1.0,1142
3.0,1143
2.0,1144
2.0,1145
0.0,1146
4.0,1147
1.0,1148
1.0,1149
0.0,1150
3.0,1151
0.0,1152
2.0,1153
2.0,1154
3.0,1155
3.0,1156
4.0,1157
3.0,1158
4.0,1159
0.0,1160
4.0,1161
4.0,1162
3.0,1163
0.0,1164
2.0,1165
2.0,1166
4.0,1167
0.0,1168
2.0,1169
4.0,1170
1.0,1171
0.0,1172
3.0,1173
4.0,1174
3.0,1175
3.0,1176
1.0,1177
2.0,1178
4.0,1179
4.0,1180
4.0,1181
2.0,1182
4.0,1183
1.0,1184
1.0,1185
0.0,1186
1.0,1187
0.0,1188
0.0,1189
0.0,1190
3.0,1191
3.0,1192
1.0,1193
2.0,1194
2.0,1195
4.0,1196
4.0,1197
2.0,1198
2.0,1199
4.0,1200
